{
 "morphs": {
  "height": {
   "index_03_l": [
    -1.1920928955078125e-07,
    0.0067653656005859375,
    8.940696716308594e-08
   ],
   "index_02_l": [
    1.9371509552001953e-07,
    0.007533140480518341,
    -6.705522537231445e-08
   ],
   "index_01_l": [
    -0.0046422407031059265,
    0.030474945902824402,
    0.0028259027749300003
   ],
   "middle_03_l": [
    8.940696716308594e-08,
    0.007476471364498138,
    -1.1175870895385742e-07
   ],
   "middle_02_l": [
    0.0,
    0.009457878768444061,
    -7.450580596923828e-09
   ],
   "middle_01_l": [
    -0.0011363402009010315,
    0.02955874800682068,
    -0.003436598926782608
   ],
   "pinky_03_l": [
    8.940696716308594e-08,
    0.004259645938873291,
    -6.332993507385254e-08
   ],
   "pinky_02_l": [
    0.0,
    0.0063967034220695496,
    -1.4901161193847656e-08
   ],
   "pinky_01_l": [
    0.004320815205574036,
    0.024145543575286865,
    -0.013229109346866608
   ],
   "ring_03_l": [
    -1.4901161193847656e-08,
    0.007082194089889526,
    -3.725290298461914e-08
   ],
   "ring_02_l": [
    -1.4901161193847656e-08,
    0.008361376821994781,
    7.450580596923828e-08
   ],
   "ring_01_l": [
    0.0011724159121513367,
    0.027171745896339417,
    -0.008709149435162544
   ],
   "thumb_03_l": [
    3.725290298461914e-08,
    0.010786190629005432,
    -2.9802322387695312e-08
   ],
   "thumb_02_l": [
    9.685754776000977e-08,
    0.00850464403629303,
    -1.0058283805847168e-07
   ],
   "thumb_01_l": [
    -0.0025941580533981323,
    0.012040987610816956,
    0.005423063412308693
   ],
   "hand_l": [
    -1.6763806343078613e-08,
    0.07288660109043121,
    7.450580596923828e-08
   ],
   "lowerarm_l": [
    2.5087501853704453e-08,
    0.10358691215515137,
    -4.656612873077393e-10
   ],
   "upperarm_l": [
    -2.1886080503463745e-08,
    0.03365783393383026,
    1.1175870895385742e-08
   ],
   "clavicle_l": [
    0.005173897370696068,
    0.025411419570446014,
    0.011485008522868156
   ],
   "index_03_r": [
    1.1920928955078125e-07,
    0.0067653656005859375,
    8.940696716308594e-08
   ],
   "index_02_r": [
    -1.9371509552001953e-07,
    0.007533140480518341,
    -6.705522537231445e-08
   ],
   "index_01_r": [
    0.0046422407031059265,
    0.030474945902824402,
    0.0028259027749300003
   ],
   "middle_03_r": [
    -8.940696716308594e-08,
    0.007476471364498138,
    -1.1175870895385742e-07
   ],
   "middle_02_r": [
    0.0,
    0.009457878768444061,
    -7.450580596923828e-09
   ],
   "middle_01_r": [
    0.0011363402009010315,
    0.02955874800682068,
    -0.003436598926782608
   ],
   "pinky_03_r": [
    -8.940696716308594e-08,
    0.004259645938873291,
    -6.332993507385254e-08
   ],
   "pinky_02_r": [
    0.0,
    0.0063967034220695496,
    -1.4901161193847656e-08
   ],
   "pinky_01_r": [
    -0.004320815205574036,
    0.024145543575286865,
    -0.013229109346866608
   ],
   "ring_03_r": [
    1.4901161193847656e-08,
    0.007082194089889526,
    -3.725290298461914e-08
   ],
   "ring_02_r": [
    1.4901161193847656e-08,
    0.008361376821994781,
    7.450580596923828e-08
   ],
   "ring_01_r": [
    -0.0011724159121513367,
    0.027171745896339417,
    -0.008709149435162544
   ],
   "thumb_03_r": [
    -3.725290298461914e-08,
    0.010786190629005432,
    -2.9802322387695312e-08
   ],
   "thumb_02_r": [
    -9.685754776000977e-08,
    0.00850464403629303,
    -1.0058283805847168e-07
   ],
   "thumb_01_r": [
    0.0025941580533981323,
    0.012040987610816956,
    0.005423063412308693
   ],
   "hand_r": [
    1.6763806343078613e-08,
    0.07288660109043121,
    7.450580596923828e-08
   ],
   "lowerarm_r": [
    -2.5087501853704453e-08,
    0.10358691215515137,
    -4.656612873077393e-10
   ],
   "upperarm_r": [
    2.1886080503463745e-08,
    0.03365783393383026,
    1.1175870895385742e-08
   ],
   "clavicle_r": [
    -0.005173897370696068,
    0.025411419570446014,
    0.011485008522868156
   ],
   "head": [
    0.0,
    0.021833226084709167,
    4.0978193283081055e-08
   ],
   "neck_01": [
    0.0,
    0.04084140062332153,
    -1.2223608791828156e-09
   ],
   "spine_04": [
    0.0,
    0.04084146022796631,
    -2.3283064365386963e-09
   ],
   "spine_03": [
    0.0,
    0.027332112193107605,
    -3.725290298461914e-09
   ],
   "spine_02": [
    0.0,
    0.022134192287921906,
    1.862645149230957e-09
   ],
   "spine_01": [
    0.0,
    0.017423801124095917,
    -6.51925802230835e-08
   ],
   "ball_l": [
    8.949427865445614e-09,
    0.04601593315601349,
    1.0244548320770264e-08
   ],
   "foot_l": [
    -2.5160261429846287e-08,
    0.1024617850780487,
    0.0
   ],
   "calf_l": [
    3.725290298461914e-09,
    0.21243402361869812,
    7.450580596923828e-09
   ],
   "thigh_l": [
    0.02343691885471344,
    -0.002189911901950836,
    -0.002344336360692978
   ],
   "ball_r": [
    -8.949427865445614e-09,
    0.04601593315601349,
    1.0244548320770264e-08
   ],
   "foot_r": [
    2.5160261429846287e-08,
    0.1024617850780487,
    0.0
   ],
   "calf_r": [
    -3.725290298461914e-09,
    0.21243402361869812,
    7.450580596923828e-09
   ],
   "thigh_r": [
    -0.02343691885471344,
    -0.002189911901950836,
    -0.002344336360692978
   ],
   "pelvis": [
    0.0,
    -0.002058330923318863,
    0.3373793363571167
   ],
   "Root": [
    0.0,
    0.0017836689949035645,
    0.0
   ]
  },
  "muscle": {
   "index_03_l": [
    -1.043081283569336e-07,
    5.701929330825806e-05,
    -8.940696716308594e-08
   ],
   "index_02_l": [
    1.341104507446289e-07,
    6.401538848876953e-05,
    -2.9802322387695312e-08
   ],
   "index_01_l": [
    -3.534555435180664e-05,
    0.00025735795497894287,
    2.4260953068733215e-05
   ],
   "middle_03_l": [
    8.940696716308594e-08,
    6.33634626865387e-05,
    -4.470348358154297e-08
   ],
   "middle_02_l": [
    1.043081283569336e-07,
    7.94529914855957e-05,
    8.195638656616211e-08
   ],
   "middle_01_l": [
    -3.7476420402526855e-06,
    0.0002494007349014282,
    -2.6945024728775024e-05
   ],
   "pinky_03_l": [
    2.9802322387695312e-08,
    3.59266996383667e-05,
    8.940696716308594e-08
   ],
   "pinky_02_l": [
    2.9802322387695312e-08,
    5.3822994232177734e-05,
    -4.842877388000488e-08
   ],
   "pinky_01_l": [
    4.5336782932281494e-05,
    0.00020319223403930664,
    -0.00010815262794494629
   ],
   "ring_03_l": [
    4.470348358154297e-08,
    5.992501974105835e-05,
    -1.4901161193847656e-07
   ],
   "ring_02_l": [
    5.960464477539063e-08,
    7.043033838272095e-05,
    1.4901161193847656e-08
   ],
   "ring_01_l": [
    1.7598271369934082e-05,
    0.0002292245626449585,
    -7.072463631629944e-05
   ],
   "thumb_03_l": [
    -7.450580596923828e-09,
    9.106099605560303e-05,
    8.195638656616211e-08
   ],
   "thumb_02_l": [
    1.4901161193847656e-08,
    7.28219747543335e-05,
    -5.587935447692871e-08
   ],
   "thumb_01_l": [
    -2.3983418941497803e-05,
    0.00010101497173309326,
    4.488043487071991e-05
   ],
   "hand_l": [
    2.60770320892334e-08,
    0.000489547848701477,
    8.940696716308594e-08
   ],
   "lowerarm_l": [
    2.8172507882118225e-08,
    0.0006635189056396484,
    -2.7939677238464355e-09
   ],
   "upperarm_l": [
    4.866160452365875e-08,
    0.0005540698766708374,
    6.51925802230835e-09
   ],
   "clavicle_l": [
    4.101172089576721e-05,
    -0.00030546635389328003,
    0.005344687029719353
   ],
   "index_03_r": [
    1.043081283569336e-07,
    5.701929330825806e-05,
    -8.940696716308594e-08
   ],
   "index_02_r": [
    -1.341104507446289e-07,
    6.401538848876953e-05,
    -2.9802322387695312e-08
   ],