{
 "morphs": {
  "height": {
   "index_03_l": [
    -1.4901161193847656e-08,
    0.008788956329226494,
    -7.450580596923828e-08
   ],
   "index_02_l": [
    4.470348358154297e-08,
    0.009778253734111786,
    -8.940696716308594e-08
   ],
   "index_01_l": [
    -0.006017029285430908,
    0.039372965693473816,
    0.003797084093093872
   ],
   "middle_03_l": [
    -4.470348358154297e-08,
    0.00970720499753952,
    2.9802322387695312e-08
   ],
   "middle_02_l": [
    -1.1920928955078125e-07,
    0.012302175164222717,
    -1.1920928955078125e-07
   ],
   "middle_01_l": [
    -0.001683499664068222,
    0.03815819323062897,
    -0.004634920507669449
   ],
   "pinky_03_l": [
    -1.4901161193847656e-08,
    0.005532361567020416,
    -2.60770320892334e-08
   ],
   "pinky_02_l": [
    -2.9802322387695312e-08,
    0.008334137499332428,
    1.3783574104309082e-07
   ],
   "pinky_01_l": [
    0.005632072687149048,
    0.031298309564590454,
    -0.018062464892864227
   ],
   "ring_03_l": [
    0.0,
    0.009202413260936737,
    0.0
   ],
   "ring_02_l": [
    -2.9802322387695312e-08,
    0.010871544480323792,
    -1.4156103134155273e-07
   ],
   "ring_01_l": [
    0.0013339929282665253,
    0.03511720895767212,
    -0.0117950439453125
   ],
   "thumb_03_l": [
    5.21540641784668e-08,
    0.013945311307907104,
    -2.384185791015625e-07
   ],
   "thumb_02_l": [
    3.3527612686157227e-08,
    0.011012539267539978,
    7.82310962677002e-08
   ],
   "thumb_01_l": [
    -0.0033549219369888306,
    0.015479952096939087,
    0.007372044026851654
   ],
   "hand_l": [
    4.7963112592697144e-08,
    0.09602397680282593,
    -1.043081283569336e-07
   ],
   "lowerarm_l": [
    4.784669727087021e-08,
    0.1341034471988678,
    1.1175870895385742e-08
   ],
   "upperarm_l": [
    1.5622936189174652e-07,
    0.04369521141052246,
    -7.450580596923828e-09
   ],
   "clavicle_l": [
    0.0067319367080926895,
    0.03439722955226898,
    0.014508994296193123
   ],
   "index_03_r": [
    2.9802322387695312e-08,
    0.008789028972387314,
    -4.470348358154297e-08
   ],
   "index_02_r": [
    -4.470348358154297e-08,
    0.00977838784456253,
    -7.450580596923828e-08
   ],
   "index_01_r": [
    0.006017044186592102,
    0.039372920989990234,
    0.0037970244884490967
   ],
   "middle_03_r": [
    -4.470348358154297e-08,
    0.009707614779472351,
    5.960464477539063e-08
   ],
   "middle_02_r": [
    -1.043081283569336e-07,
    0.012302249670028687,
    3.725290298461914e-08
   ],
   "middle_01_r": [
    0.0016834437847137451,
    0.03815820813179016,
    -0.004634972661733627
   ],
   "pinky_03_r": [
    -5.960464477539063e-08,
    0.005532264709472656,
    8.568167686462402e-08
   ],
   "pinky_02_r": [
    -1.6391277313232422e-07,
    0.008333906531333923,
    -7.450580596923828e-09
   ],
   "pinky_01_r": [
    -0.005632065236568451,
    0.031298235058784485,
    -0.01806250587105751
   ],
   "ring_03_r": [
    -8.940696716308594e-08,
    0.009202457964420319,
    2.2351741790771484e-08
   ],
   "ring_02_r": [
    -7.450580596923828e-08,
    0.010871365666389465,
    -2.9802322387695312e-08
   ],
   "ring_01_r": [
    -0.0013337954878807068,
    0.035117194056510925,
    -0.011795088648796082
   ],
   "thumb_03_r": [
    2.2351741790771484e-08,
    0.013945266604423523,
    -1.1175870895385742e-07
   ],
   "thumb_02_r": [
    4.0978193283081055e-08,
    0.011012539267539978,
    7.82310962677002e-08
   ],
   "thumb_01_r": [
    0.003355007618665695,
    0.015479877591133118,
    0.007372003048658371
   ],
   "hand_r": [
    6.984919309616089e-09,
    0.09602373838424683,
    -1.043081283569336e-07
   ],
   "lowerarm_r": [
    1.1525116860866547e-08,
    0.1341036558151245,
    9.313225746154785e-09
   ],
   "upperarm_r": [
    -7.08969309926033e-08,
    0.0436951220035553,
    -7.450580596923828e-09
   ],
   "clavicle_r": [
    -0.006799541413784027,
    0.03437337279319763,
    0.014555836096405983
   ],
   "head": [
    2.43303141522766e-10,
    0.028641417622566223,
    -2.2349155415213318e-08
   ],
   "neck_01": [
    3.346940502524376e-10,
    0.05339440703392029,
    1.620719558559358e-08
   ],
   "spine_04": [
    3.4269760362803936e-09,
    0.053394392132759094,
    -7.27413862477988e-09
   ],
   "spine_03": [
    0.0,
    0.034890614449977875,
    -1.862645149230957e-08
   ],
   "spine_02": [
    0.0,
    0.028919972479343414,
    -2.60770320892334e-08
   ],
   "spine_01": [
    0.0,
    0.023121796548366547,
    4.470348358154297e-08
   ],
   "ball_l": [
    -8.352799341082573e-09,
    0.05945815145969391,
    5.587935447692871e-09
   ],
   "foot_l": [
    -3.0398950912058353e-08,
    0.13255363702774048,
    6.984919309616089e-10
   ],
   "calf_l": [
    -4.6566128730773926e-09,
    0.27855977416038513,
    0.0
   ],
   "thigh_l": [
    0.03042556345462799,
    -0.0028858142904937267,
    -0.0029939189553260803
   ],
   "ball_r": [
    8.352799341082573e-09,
    0.05945815145969391,
    5.587935447692871e-09
   ],
   "foot_r": [
    3.0398950912058353e-08,
    0.13255363702774048,
    6.984919309616089e-10
   ],
   "calf_r": [
    4.6566128730773926e-09,
    0.27855977416038513,
    0.0
   ],
   "thigh_r": [
    -0.03042556345462799,
    -0.0028858142904937267,
    -0.0029939189553260803
   ],
   "pelvis": [
    0.0,
    -0.002743436023592949,
    0.4405198097229004
   ],
   "Root": [
    0.0,
    0.0027598142623901367,
    0.0
   ]
  },
  "breast": {},
  "hips": {
   "calf_l": [
    -2.6309862732887268e-08,
    -0.0014964640140533447,
    1.862645149230957e-09
   ],
   "thigh_l": [
    0.02199999988079071,
    0.0,
    0.0
   ],
   "calf_r": [
    2.6309862732887268e-08,
    -0.0014964640140533447,
    1.862645149230957e-09
   ],
   "thigh_r": [
    -0.02199999988079071,
    0.0,
    0.0
   ]
  },
  "glutes": {}
 }
}