{
 "morphs": {
  "gender": {
   "index_03_l": [
    1.4901161193847656e-08,
    0.0022905580699443817,
    -1.9371509552001953e-07
   ],
   "index_02_l": [
    -4.470348358154297e-08,
    0.002484843134880066,
    -5.960464477539063e-08
   ],
   "index_01_l": [
    -0.0018751583993434906,
    0.010040044784545898,
    -0.00020467862486839294
   ],
   "middle_03_l": [
    -5.960464477539063e-08,
    0.0023963525891304016,
    2.2351741790771484e-08
   ],
   "middle_02_l": [
    -7.450580596923828e-08,
    0.003057055175304413,
    -2.9802322387695312e-08
   ],
   "middle_01_l": [
    0.0005400814116001129,
    0.009939014911651611,
    -0.0014032460749149323
   ],
   "pinky_03_l": [
    1.4901161193847656e-08,
    0.0014368481934070587,
    -5.21540641784668e-08
   ],
   "pinky_02_l": [
    0.0,
    0.002010546624660492,
    -5.960464477539063e-08
   ],
   "pinky_01_l": [
    0.0044119879603385925,
    0.007765978574752808,
    -0.0019933395087718964
   ],
   "ring_03_l": [
    -1.1920928955078125e-07,
    0.0023526325821876526,
    -6.705522537231445e-08
   ],
   "ring_02_l": [
    -2.9802322387695312e-08,
    0.002777285873889923,
    -2.9802322387695312e-08
   ],
   "ring_01_l": [
    0.002321723848581314,
    0.008961766958236694,
    -0.002106349915266037
   ],
   "thumb_03_l": [
    -6.332993507385254e-08,
    0.003634512424468994,
    1.341104507446289e-07
   ],
   "thumb_02_l": [
    7.450580596923828e-09,
    0.002736121416091919,
    -4.0978193283081055e-08
   ],
   "thumb_01_l": [
    -0.001991596072912216,
    0.004100963473320007,
    0.0006839707493782043
   ],
   "hand_l": [
    6.007030606269836e-08,
    0.028180301189422607,
    4.470348358154297e-08
   ],
   "lowerarm_l": [
    6.752088665962219e-08,
    0.009522303938865662,
    2.7939677238464355e-09
   ],
   "upperarm_l": [
    -4.1676685214042664e-08,
    0.017035111784934998,
    -1.257285475730896e-08
   ],
   "clavicle_l": [
    7.58543610572815e-05,
    0.01048770546913147,
    0.000265391543507576
   ],
   "index_03_r": [
    -1.4901161193847656e-08,
    0.0022905580699443817,
    -1.9371509552001953e-07
   ],
   "index_02_r": [
    4.470348358154297e-08,
    0.002484843134880066,
    -5.960464477539063e-08
   ],
   "index_01_r": [
    0.0018751583993434906,
    0.010040044784545898,
    -0.00020467862486839294
   ],
   "middle_03_r": [
    5.960464477539063e-08,
    0.0023963525891304016,
    2.2351741790771484e-08
   ],
   "middle_02_r": [
    7.450580596923828e-08,
    0.003057055175304413,
    -2.9802322387695312e-08
   ],
   "middle_01_r": [
    -0.0005400814116001129,
    0.009939014911651611,
    -0.0014032460749149323
   ],
   "pinky_03_r": [
    -1.4901161193847656e-08,
    0.0014368481934070587,
    -5.21540641784668e-08
   ],
   "pinky_02_r": [
    0.0,
    0.002010546624660492,
    -5.960464477539063e-08
   ],
   "pinky_01_r": [
    -0.0044119879603385925,
    0.007765978574752808,
    -0.0019933395087718964
   ],
   "ring_03_r": [
    1.1920928955078125e-07,
    0.0023526325821876526,
    -6.705522537231445e-08
   ],
   "ring_02_r": [
    2.9802322387695312e-08,
    0.002777285873889923,
    -2.9802322387695312e-08
   ],
   "ring_01_r": [
    -0.002321723848581314,
    0.008961766958236694,
    -0.002106349915266037
   ],
   "thumb_03_r": [
    6.332993507385254e-08,
    0.003634512424468994,
    1.341104507446289e-07
   ],
   "thumb_02_r": [
    -7.450580596923828e-09,
    0.002736121416091919,
    -4.0978193283081055e-08
   ],
   "thumb_01_r": [
    0.001991596072912216,
    0.004100963473320007,
    0.0006839707493782043
   ],
   "hand_r": [
    -6.007030606269836e-08,
    0.028180301189422607,
    4.470348358154297e-08
   ],
   "lowerarm_r": [
    -6.752088665962219e-08,
    0.009522303938865662,
    2.7939677238464355e-09
   ],
   "upperarm_r": [
    4.1676685214042664e-08,
    0.017035111784934998,
    -1.257285475730896e-08
   ],
   "clavicle_r": [
    -7.58543610572815e-05,
    0.01048770546913147,
    0.000265391543507576
   ],
   "head": [
    0,
    -0.0049886032938957214,
    7.450580596923828e-09
   ],
   "neck_01": [
    0,
    0.01267889142036438,
    1.862645149230957e-09
   ],
   "spine_04": [
    0,
    0.012678653001785278,
    8.265487849712372e-09
   ],
   "spine_03": [
    0,
    -0.014140523970127106,
    -8.381903171539307e-09
   ],
   "spine_02": [
    0,
    0.0023479312658309937,
    -5.587935447692871e-09
   ],
   "spine_01": [
    0,
    0.003923632204532623,
    2.0489096641540527e-08
   ],
   "ball_l": [
    4.249159246683121e-09,
    0.008970782160758972,
    1.4901161193847656e-08
   ],
   "foot_l": [
    -2.9027432901784778e-08,
    0.027773678302764893,
    1.775333657860756e-09
   ],
   "calf_l": [
    1.0244548320770264e-08,
    0.022940367460250854,
    -1.862645149230957e-08
   ],
   "thigh_l": [
    0.007063604891300201,
    0.002411014400422573,
    -0.0007250746712088585
   ],
   "ball_r": [
    -4.249159246683121e-09,
    0.008970782160758972,
    1.4901161193847656e-08
   ],
   "foot_r": [
    2.9027432901784778e-08,
    0.027773678302764893,
    1.775333657860756e-09
   ],
   "calf_r": [
    -1.0244548320770264e-08,
    0.022940367460250854,
    -1.862645149230957e-08
   ],
   "thigh_r": [
    -0.007063604891300201,
    0.002411014400422573,
    -0.0007250746712088585
   ],
   "pelvis": [
    0,
    0.00994202122092247,
    0.048548102378845215
   ],
   "Root": [
    0,
    0.000868380069732666,
    0.0
   ]
  },
  "height": {
   "index_03_l": [
    0.0,
    0.00888153538107872,
    -2.2351741790771484e-07
   ],
   "index_02_l": [
    -1.4901161193847656e-07,
    0.009883709251880646,
    -2.9802322387695312e-08
   ],
   "index_01_l": [
    -0.0060929954051971436,
    0.03990362584590912,
    0.0037010125815868378
   ],
   "middle_03_l": [
    2.9802322387695312e-08,
    0.009811338037252426,
    -2.2351741790771484e-08
   ],
   "middle_02_l": [
    -7.450580596923828e-08,
    0.012418843805789948,
    7.450580596923828e-09
   ],
   "middle_01_l": [
    -0.00163162499666214,
    0.0386773943901062,
    -0.004672963172197342
   ],
   "pinky_03_l": [
    -2.9802322387695312e-08,
    0.005590062588453293,
    3.725290298461914e-09
   ],
   "pinky_02_l": [
    -1.4901161193847656e-07,
    0.008408941328525543,
    4.470348358154297e-08
   ],
   "pinky_01_l": [
    0.0056620314717292786,
    0.031674325466156006,
    -0.01792779192328453
   ],
   "ring_03_l": [
    -8.940696716308594e-08,
    0.009298868477344513,
    -1.2665987014770508e-07
   ],
   "ring_02_l": [
    5.960464477539063e-08,
    0.010976620018482208,
    -8.940696716308594e-08
   ],
   "ring_01_l": [
    0.0014097318053245544,
    0.03557880222797394,
    -0.011770423501729965
   ],
   "thumb_03_l": [
    -7.450580596923828e-08,
    0.014124482870101929,
    2.0116567611694336e-07
   ],
   "thumb_02_l": [
    1.30385160446167e-08,
    0.011136040091514587,
    -7.078051567077637e-08
   ],
   "thumb_01_l": [
    -0.003389507532119751,
    0.015723735094070435,
    0.007299669086933136
   ],
   "hand_l": [
    -1.8533319234848022e-07,
    0.0957619845867157,
    1.341104507446289e-07
   ],
   "lowerarm_l": [
    -2.8172507882118225e-08,
    0.13550935685634613,
    1.0244548320770264e-08
   ],
   "upperarm_l": [
    3.818422555923462e-08,
    0.04401180148124695,
    6.05359673500061e-09
   ],
   "clavicle_l": [
    0.006774250417947769,
    0.03375174105167389,
    0.01476137526333332
   ],
   "index_03_r": [
    0.0,
    0.00888153538107872,
    -2.2351741790771484e-07
   ],
   "index_02_r": [
    1.4901161193847656e-07,
    0.009883709251880646,
    -2.9802322387695312e-08
   ],